t? [s];T? [ºC];t? [s];T? [ºC];t? [s];T? [ºC];t? [s];T? [ºC]
0;24.9;0;23.7;0;23.9;0;24.3
9.98;24.8;2.07;23.8;2.07;24;9.98;24.3
12.25;24.7;2.54;23.7;2.54;23.9;12.25;24.3
14.11;24.8;10.17;23.8;10.17;24;14.11;24.3
15.91;24.9;11.61;23.7;11.61;23.9;15.91;24.3
17.3;25;12.11;23.8;12.11;23.9;17.3;24.3
18.67;25.1;12.54;23.7;12.54;23.9;18.67;24.3
19.58;25.2;13.05;23.8;13.05;24;19.58;24.4
20.08;25.2;14.44;23.8;14.44;24;20.08;24.3
20.97;25.3;14.94;23.8;14.94;23.9;20.97;24.3
21.87;25.4;15.91;23.9;15.91;24;21.87;24.3
22.34;25.4;18.75;24;18.75;24;22.34;24.4
23.25;25.5;20.17;23.9;20.17;23.9;23.25;24.4
23.74;25.6;20.64;24;20.64;24;23.74;24.4
25.07;25.7;21.64;24.1;21.64;24;25.07;24.4
25.57;25.8;22.11;24;22.11;23.9;25.57;24.4
26.47;25.9;22.58;24.1;22.58;24;26.47;24.4
27.38;26;23.54;24;23.54;23.9;27.38;24.4
28.3;26.1;23.97;24.1;23.97;24.1;28.3;24.4
29.2;26.2;24.47;24.2;24.47;24.1;29.2;24.4
29.67;26.3;25.91;24.3;25.91;24.1;29.67;24.4
30.61;26.4;27.8;24.4;27.8;24.1;30.61;24.4
31.51;26.5;29.28;24.4;29.28;24.2;31.51;24.4
32.43;26.6;29.7;24.5;29.7;24.2;32.43;24.4
32.87;26.7;31.17;24.6;31.17;24.2;32.87;24.4
33.8;26.8;32.58;24.7;32.58;24.2;33.8;24.4
34.24;26.8;33.08;24.7;33.08;24.3;34.24;24.5
34.71;26.9;34.01;24.8;34.01;24.3;34.71;24.5
35.18;27;35.48;24.9;35.48;24.3;35.18;24.5
36.1;27.1;35.95;24.9;35.95;24.4;36.1;24.5
36.54;27.2;36.9;25;36.9;24.4;36.54;24.5
37.47;27.3;38.3;25.1;38.3;24.5;37.47;24.5
37.94;27.4;39.27;25.2;39.27;24.5;37.94;24.5
38.83;27.5;40.7;25.2;40.7;24.6;38.83;24.5
39.3;27.6;41.17;25.3;41.17;24.6;39.3;24.5
40.21;27.7;42.11;25.4;42.11;24.6;40.21;24.6
41.17;27.8;42.58;25.4;42.58;24.7;41.17;24.6
41.61;27.9;43.08;25.5;43.08;24.7;41.61;24.6
42.5;28;44.01;25.6;44.01;24.7;42.5;24.6
42.97;28.1;44.51;25.6;44.51;24.8;42.97;24.6
43.88;28.2;45.44;25.7;45.44;24.8;43.88;24.6
44.31;28.3;46.4;25.8;46.4;24.8;44.31;24.6
44.78;28.3;46.9;25.8;46.9;24.9;44.78;24.7
45.28;28.4;48.8;26;48.8;25;45.28;24.7
45.7;28.5;49.73;26.1;49.73;25;45.7;24.7
46.64;28.6;50.23;26.1;50.23;25.1;46.64;24.7
47.11;28.7;50.73;26.2;50.73;25.1;47.11;24.7
48.04;28.8;51.67;26.3;51.67;25.1;48.04;24.7
48.48;28.9;52.14;26.3;52.14;25.3;48.48;24.8
49.38;29;53.17;26.4;53.17;25.2;49.38;24.8
49.84;29.1;53.55;26.5;53.55;25.2;49.84;24.8
50.31;29.2;54.05;26.5;54.05;25.3;50.31;24.8
51.17;29.3;54.97;26.6;54.97;25.3;51.17;24.8
51.67;29.4;55.47;26.6;55.47;25.4;51.67;24.9
52.61;29.5;55.97;26.7;55.97;25.4;52.61;24.9
53.08;29.6;56.87;26.8;56.87;25.5;53.08;24.9
53.94;29.7;57.84;26.9;57.84;25.5;53.94;24.9
54.44;29.8;58.76;27;58.76;25.6;54.44;25
54.91;29.8;59.73;27.1;59.73;25.6;54.91;24.9
55.34;29.9;60.23;27.1;60.23;25.7;55.34;25
55.81;30;60.7;27.2;60.7;25.7;55.81;25
56.23;30.1;61.67;27.3;61.67;25.7;56.23;25
57.14;30.2;62.17;27.3;62.17;25.8;57.14;25.1
57.64;30.3;62.64;27.4;62.64;25.8;57.64;25.1
58.5;30.4;63.58;27.5;63.58;25.9;58.5;25.1
59.05;30.5;64.54;27.6;64.54;25.9;59.05;25.1
59.94;30.6;65.04;27.6;65.04;26;59.94;25.2
60.34;30.7;65.48;27.7;65.48;26;60.34;25.2
61.31;30.8;66.43;27.8;66.43;26.1;61.31;25.2
61.73;30.9;67.37;27.9;67.37;26.2;61.73;25.2
62.17;31;68.34;28;68.34;26.2;62.17;25.2
63.11;31.1;68.8;28;68.8;26.3;63.11;25.3
63.61;31.2;69.3;28.1;69.3;26.3;63.61;25.3
64.51;31.2;70.27;28.2;70.27;26.4;64.51;25.2
64.98;31.3;71.21;28.3;71.21;26.4;64.98;25.2
65.4;31.4;71.68;28.3;71.68;26.5;65.4;25.4
65.9;31.5;72.18;28.4;72.18;26.5;65.9;25.4
66.34;31.6;72.65;28.5;72.65;26.6;66.34;25.4
66.78;31.5;74.07;28.6;74.07;26.7;66.78;25.3
67.27;31.6;75;28.7;75;26.7;67.27;25.3
67.74;31.6;75.5;28.7;75.5;26.8;67.74;25.5
68.13;31.7;75.97;28.8;75.97;26.8;68.13;25.4
68.65;31.8;76.47;28.9;76.47;26.8;68.65;25.4
69.07;32;76.94;28.9;76.94;26.9;69.07;25.5
70.47;32.2;77.87;29;77.87;27;70.47;25.6
70.91;32.3;78.81;29.1;78.81;27;70.91;25.6
71.38;32.2;79.31;29.2;79.31;27.1;71.38;25.5
71.8;32.3;80.24;29.3;80.24;27.2;71.8;25.6
72.27;32.4;81.24;29.4;81.24;27.2;72.27;25.6
72.74;32.5;81.71;29.4;81.71;27.3;72.74;25.7
73.27;32.6;82.18;29.5;82.18;27.3;73.27;25.7
74.57;32.7;83.14;29.6;83.14;27.4;74.57;25.7
75.08;32.8;84.03;29.7;84.03;27.5;75.08;25.7
75.47;32.9;85.03;29.8;85.03;27.5;75.47;25.8
76.4;33;85.56;29.8;85.56;27.6;76.4;25.8
77.34;33.2;85.97;29.9;85.97;27.6;77.34;25.9
78.7;33.4;86.44;30;86.44;27.6;78.7;26
79.17;33.4;86.94;30;86.94;27.7;79.17;25.9
80.07;33.5;87.41;30.1;87.41;27.7;80.07;26
80.57;33.6;88.38;30.2;88.38;27.8;80.57;26
81.44;33.7;89.3;30.3;89.3;27.9;81.44;26.1
81.94;33.8;90.74;30.4;90.74;28;81.94;26.1
82.8;33.9;91.68;30.5;91.68;28;82.8;26.1
83.27;34;92.21;30.6;92.21;28.1;83.27;26.1
83.77;34;93.14;30.7;93.14;28.2;83.77;26.2
84.2;34.1;94.07;30.8;94.07;28.3;84.2;26.2
84.67;34.2;95.04;30.9;95.04;28.4;84.67;26.2
85.11;34.2;95.97;31;95.97;28.4;85.11;26.3
85.56;34.3;96.5;31;96.5;28.5;85.56;26.3
86.47;34.4;96.97;31.1;96.97;28.5;86.47;26.3
86.94;34.5;97.9;31.2;97.9;28.5;86.94;26.4
87.88;34.6;98.4;31.2;98.4;28.6;87.88;26.4
88.3;34.7;98.87;31.3;98.87;28.6;88.3;26.4
89.24;34.8;99.34;31.3;99.34;28.7;89.24;26.5
89.7;34.9;99.81;31.4;99.81;28.7;89.7;26.5
90.14;35;100.31;31.4;100.31;28.8;90.14;26.5
91.07;35.1;100.76;31.5;100.76;28.8;91.07;26.6
91.97;35.2;101.67;31.6;101.67;28.9;91.97;26.6
92.47;35.3;102.67;31.7;102.67;29;92.47;26.6
92.91;35.3;103.63;31.8;103.63;29;92.91;26.7
93.37;35.4;104.13;31.8;104.13;29.1;93.37;26.7
93.84;35.5;104.58;31.9;104.58;29.1;93.84;26.7
94.31;35.5;105.08;31.9;105.08;29.2;94.31;26.8
94.73;35.6;105.53;32;105.53;29.2;94.73;26.8
95.64;35.7;106.51;32.1;106.51;29.3;95.64;26.8
96.11;35.8;107.45;32.2;107.45;29.4;96.11;26.9
97.04;35.9;108.42;32.3;108.42;29.4;97.04;26.9
97.5;35.9;108.89;32.4;108.89;29.5;97.5;27
97.94;36;109.86;32.4;109.86;29.6;97.94;27
98.4;36.1;110.33;32.5;110.33;29.6;98.4;27
99.34;36.2;111.26;32.6;111.26;29.7;99.34;27.1
99.76;36.3;111.72;32.7;111.72;29.7;99.76;27.1
100.7;36.4;112.29;32.7;112.29;29.8;100.7;27.1
101.17;36.4;113.19;32.8;113.19;29.8;101.17;27.2
101.61;36.5;113.61;32.8;113.61;29.9;101.61;27.2
102.54;36.6;114.11;32.9;114.11;29.9;102.54;27.3
103.01;36.7;114.48;32.9;114.48;30;103.01;27.3
103.92;36.8;115.05;33;115.05;30;103.92;27.3
104.39;36.9;116.02;33.1;116.02;30.1;104.39;27.4
105.28;37;116.96;33.2;116.96;30.2;105.28;27.4
105.75;37;117.96;33.3;117.96;30.3;105.75;27.5
106.22;37.1;118.8;33.4;118.8;30.3;106.22;27.5
106.69;37.2;119.35;33.4;119.35;30.4;106.69;27.5
107.59;37.3;119.85;33.5;119.85;30.4;107.59;27.6
108.06;37.4;120.79;33.6;120.79;30.5;108.06;27.6
109.42;37.5;121.76;33.7;121.76;30.5;109.42;27.7
109.89;37.6;122.29;33.7;122.29;30.6;109.89;27.7
110.79;37.7;122.73;33.8;122.73;30.6;110.79;27.8
111.72;37.8;123.16;33.8;123.16;30.7;111.72;27.8
112.19;37.9;123.64;33.9;123.64;30.7;112.19;27.8
112.65;37.9;124.14;33.9;124.14;30.8;112.65;27.9
113.08;38;124.61;34;124.61;30.8;113.08;27.9
114.02;38.1;125.55;34.1;125.55;30.9;114.02;28
114.46;38.2;126.51;34.2;126.51;31;114.46;28
115.35;38.3;127.96;34.3;127.96;31.1;115.35;28
115.85;38.3;128.88;34.4;128.88;31.2;115.85;28.1
116.29;38.4;129.85;34.5;129.85;31.2;116.29;28.1
117.22;38.5;130.35;34.5;130.35;31.3;117.22;28.2
117.72;38.6;130.82;34.6;130.82;31.3;117.72;28.2
118.58;38.7;131.76;34.7;131.76;31.4;118.58;28.3
119.55;38.8;132.69;34.8;132.69;31.5;119.55;28.3
120.43;38.9;133.65;34.9;133.65;31.5;120.43;28.4
120.85;39;134.15;34.9;134.15;31.6;120.85;28.4
121.79;39.1;134.64;35;134.64;31.6;121.79;28.5
122.76;39.2;135.55;35.1;135.55;31.7;122.76;28.5
123.64;39.3;136.51;35.2;136.51;31.8;123.64;28.5
124.14;39.3;137.48;35.3;137.48;31.8;124.14;28.6
124.58;39.4;137.98;35.3;137.98;31.9;124.58;28.6
125.49;39.5;138.45;35.4;138.45;31.9;125.49;28.7
125.96;39.6;138.92;35.4;138.92;32;125.96;28.7
126.86;39.7;139.92;35.5;139.92;32.1;126.86;28.8
127.79;39.8;140.81;35.6;140.81;32.1;127.79;28.8
128.69;39.9;141.28;35.6;141.28;32.2;128.69;28.9
129.15;40;141.78;35.7;141.78;32.2;129.15;28.9
130.05;40;142.72;35.7;142.72;32.3;130.05;29
130.55;40.1;143.26;35.8;143.26;32.3;130.55;29
130.99;40.2;143.68;35.8;143.68;32.4;130.99;29
131.41;40.2;144.15;35.9;144.15;32.4;131.41;29.1
131.88;40.3;145.12;36;145.12;32.5;131.88;29.1
132.82;40.4;146.06;36.1;146.06;32.5;132.82;29.1
133.29;40.4;146.54;36.1;146.54;32.6;133.29;29.2
133.76;40.5;147.01;36.2;147.01;32.6;133.76;29.2
134.73;40.6;147.48;36.2;147.48;32.7;134.73;29.3
135.52;40.7;147.95;36.3;147.95;32.7;135.52;29.3
136.02;40.8;148.92;36.4;148.92;32.8;136.02;29.4
136.89;40.9;150.33;36.5;150.33;32.9;136.89;29.4
137.42;40.9;151.33;36.6;151.33;32.9;137.42;29.5
137.81;41;151.78;36.6;151.78;33;137.81;29.5
138.75;41.1;152.72;36.7;152.72;33.1;138.75;29.5
139.22;41.1;153.68;36.8;153.68;33.1;139.22;29.6
139.72;41.2;154.18;36.8;154.18;33.2;139.72;29.6
140.59;41.3;154.66;36.9;154.66;33.2;140.59;29.7
141.52;41.4;155.11;36.9;155.11;33.3;141.52;29.7
141.99;41.4;155.61;37;155.61;33.3;141.99;29.8
142.42;41.5;156.56;37.1;156.56;33.4;142.42;29.8
143.35;41.6;157.95;37.2;157.95;33.5;143.35;29.8
143.85;41.6;158.95;37.3;158.95;33.6;143.85;29.9
144.21;41.7;159.89;37.4;159.89;33.6;144.21;29.9
145.18;41.8;160.36;37.4;160.36;33.7;145.18;30
146.06;41.9;161.36;37.5;161.36;33.8;146.06;30
146.54;42;162.27;37.6;162.27;33.8;146.54;30
146.98;42;162.7;37.6;162.7;33.9;146.98;30.1
147.89;42.1;163.2;37.7;163.2;33.9;147.89;30.1
148.39;42.2;164.17;37.6;164.17;33.9;148.39;30.2
149.75;42.3;164.64;37.8;164.64;34;149.75;30.3
150.65;42.4;165.6;37.9;165.6;34.1;150.65;30.3
151.59;42.5;166.54;38;166.54;34.2;151.59;30.4
152.55;42.6;167.97;38.1;167.97;34.3;152.55;30.4
153.38;42.7;168.93;38.2;168.93;34.3;153.38;30.5
153.91;42.8;169.43;38.2;169.43;34.4;153.91;30.5
154.81;42.8;169.87;38.3;169.87;34.4;154.81;30.6
155.28;42.9;170.84;38.3;170.84;34.5;155.28;30.6
156.16;43;171.29;38.4;171.29;34.5;156.16;30.6
156.62;43;172.26;38.4;172.26;34.6;156.62;30.7
157.09;43.1;172.73;38.4;172.73;34.5;157.09;30.7
158.01;43.2;173.2;38.5;173.2;34.6;158.01;30.7
158.48;43.2;173.7;38.6;173.7;34.7;158.48;30.8
158.95;43.3;174.64;38.5;174.64;34.7;158.95;30.8
159.36;43.3;175.11;38.7;175.11;34.8;159.36;30.9
159.86;43.4;176.06;38.8;176.06;34.9;159.86;30.9
160.78;43.5;176.65;38.7;176.65;34.8;160.78;30.9
161.19;43.5;177.5;38.9;177.5;35;161.19;31
161.69;43.6;178.47;39;178.47;35;161.69;31
162.57;43.7;178.93;38.9;178.93;35;162.57;31
163;43.7;179.4;39;179.4;35;163;31.1
163.93;43.8;180.37;39;180.37;35.1;163.93;31.1
164.43;43.7;180.84;39.2;180.84;35.2;164.43;31.1
164.87;43.8;181.31;39.1;181.31;35.2;164.87;31.1
165.34;43.9;181.81;39.2;181.81;35.2;165.34;31.2
165.81;44;183.2;39.3;183.2;35.3;165.81;31.3
166.7;44;183.73;39.4;183.73;35.4;166.7;31.2
167.17;44.1;185.11;39.5;185.11;35.5;167.17;31.3
168.06;44.2;185.61;39.5;185.61;35.4;168.06;31.4
168.64;44.3;186.11;39.5;186.11;35.5;168.64;31.4
169.47;44.4;187.11;39.6;187.11;35.5;169.47;31.5
170.34;44.4;187.53;39.6;187.53;35.6;170.34;31.4
170.84;44.5;188.01;39.7;188.01;35.6;170.84;31.5
171.26;44.6;188.93;39.7;188.93;35.7;171.26;31.6
171.76;44.5;189.4;39.8;189.4;35.7;171.76;31.5
172.63;44.6;189.93;39.8;189.93;35.8;172.63;31.6
173.56;44.7;190.4;39.9;190.4;35.8;173.56;31.6
174.5;44.8;191.33;39.9;191.33;35.9;174.5;31.6
174.93;44.8;191.83;40;191.83;35.9;174.93;31.7
175.4;44.9;192.77;40;192.77;36;175.4;31.8
175.84;44.9;193.23;40.1;193.23;36;175.84;31.7
176.76;45;194.2;40.1;194.2;36.1;176.76;31.8
177.26;45.1;194.67;40.2;194.67;36.1;177.26;31.9
177.71;45.1;195.64;40.2;195.64;36.2;177.71;31.8
178.17;45.1;196.09;40.3;196.09;36.2;178.17;31.9
178.63;45.2;197.06;40.3;197.06;36.3;178.63;31.9
179.96;45.3;198;40.4;198;36.3;179.96;32
180.9;45.4;198.96;40.4;198.96;36.4;180.9;32
181.34;45.4;199.93;40.5;199.93;36.4;181.34;32.1
181.84;45.5;200.84;40.5;200.84;36.5;181.84;32.1
182.76;45.6;201.37;40.6;201.37;36.5;182.76;32.1
183.2;45.6;202.26;40.6;202.26;36.6;183.2;32.2
184.11;45.7;203.73;40.7;203.73;36.6;184.11;32.2
185.03;45.8;204.2;40.7;204.2;36.7;185.03;32.3
186.4;45.9;206.09;40.7;206.09;36.8;186.4;32.4
187.29;46;206.59;40.8;206.59;36.8;187.29;32.4
188.27;46;208.46;40.8;208.46;36.9;188.27;32.5
188.69;46.1;210.37;40.9;210.37;37;188.69;32.5
190.07;46.2;212.76;40.9;212.76;37.1;190.07;32.6
191.43;46.3;215.67;40.9;215.67;37.2;191.43;32.7
192.8;46.4;218.96;41;218.96;37.3;192.8;32.7
193.26;46.4;219.49;40.9;219.49;37.3;193.26;32.8
195.06;46.4;222.35;40.9;222.35;37.4;195.06;32.9
196.06;46.5;229.48;40.8;229.48;37.4;196.06;32.9
196.97;46.5;232.35;40.8;232.35;37.5;196.97;33
198.3;46.5;233.77;40.7;233.77;37.5;198.3;33.1
200.17;46.6;237.58;40.6;237.58;37.5;200.17;33.1
200.64;46.6;240.91;40.5;240.91;37.5;200.64;33.2
201.96;46.6;242.38;40.5;242.38;37.4;201.96;33.3
204.28;46.6;242.81;40.5;242.81;37.5;204.28;33.4
205.2;46.5;243.35;40.5;243.35;37.4;205.2;33.4
205.67;46.5;243.81;40.4;243.81;37.5;205.67;33.5
208.46;46.5;244.25;40.4;244.25;37.4;208.46;33.6
210.19;46.4;252.81;40.1;252.81;37.3;210.19;33.7
212.56;46.4;254.28;40;254.28;37.3;212.56;33.8
213.47;46.3;258.55;39.9;258.55;37.2;213.47;33.8
214.36;46.3;263.34;39.6;263.34;37.1;214.36;33.9
216.2;46.2;265.72;39.5;265.72;37.1;216.2;33.9
217.14;46.2;266.69;39.5;266.69;37;217.14;34
218.03;46.1;276.17;39;276.17;36.8;218.03;34
219.4;46.1;283.38;38.7;283.38;36.5;219.4;34.1
219.87;46;285.25;38.5;285.25;36.4;219.87;34.1
221.67;45.9;294.32;38;294.32;36.1;221.67;34.2
225.34;45.7;295.25;38;295.25;36;225.34;34.3
228.54;45.6;304.35;37.5;304.35;35.7;228.54;34.4
229.04;45.5;308.58;37.3;308.58;35.5;229.04;34.4
233.59;45.2;314.78;37;314.78;35.4;233.59;34.5
235.88;45;322.91;36.6;322.91;35;235.88;34.5
239.08;44.8;324.82;36.5;324.82;35;239.08;34.6
243.22;44.5;335.74;36;335.74;34.5;243.22;34.6
244.14;44.4;346.74;35.5;346.74;34.2;244.14;34.5
244.61;44.4;350.11;35.4;350.11;34;244.61;34.6
245.99;44.2;359.1;35;359.1;33.7;245.99;34.5
246.45;44.3;363.93;34.8;363.93;33.5;246.45;34.6
248.25;44;371.1;34.5;371.1;33.3;248.25;34.5
249.17;44.1;378.23;34.3;378.23;33;249.17;34.6
249.64;44;383.96;34;383.96;32.9;249.64;34.7
250.11;43.9;392.99;33.6;392.99;32.5;250.11;34.5
250.55;44;397.3;33.5;397.3;32.4;250.55;34.6
251.05;43.8;406.36;33.1;406.36;32;251.05;34.5
251.49;43.9;408.72;33;408.72;32;251.49;34.7
251.95;43.7;422.99;32.6;422.99;31.5;251.95;34.5
252.84;43.8;423.49;32.5;423.49;31.5;252.84;34.6
254.22;43.7;439.69;32;439.69;31.1;254.22;34.6
254.68;43.5;441.62;32;441.62;31;254.68;34.5
255.15;43.6;456.34;31.5;456.34;30.6;255.15;34.7
255.62;43.5;460.18;31.4;460.18;30.5;255.62;34.5
256.05;43.5;474.97;31;474.97;30.2;256.05;34.7
256.52;43.4;482.1;30.8;482.1;30;256.52;34.5
257.88;43.3;494.44;30.5;494.44;29.8;257.88;34.6
260.19;43.1;504.03;30.2;504.03;29.5;260.19;34.5
261.11;43.1;512.14;30;512.14;29.3;261.11;34.6
261.57;43;525.47;29.8;525.47;29;261.57;34.5
267.98;42.5;534.99;29.5;534.99;28.9;267.98;34.5
274.37;42.1;561.23;29;561.23;28.4;274.37;34.4
274.84;42;584.58;28.6;584.58;28;274.84;34.4
281.17;41.5;588.85;28.5;588.85;28;281.17;34.4
282.65;41.5;620.78;28.1;620.78;27.5;282.65;34.3
289.04;41.1;621.74;28;621.74;27.5;289.04;34.2
289.54;41;652.71;27.5;652.71;27;289.54;34.2
295.45;40.6;693.71;27;693.71;26.6;295.45;34.1
296.38;40.5;699.45;27;699.45;26.5;296.38;34.1
300.04;40.3;744.7;26.5;744.7;26.2;300.04;34
304.18;40;757.6;26.4;757.6;26;304.18;33.9
311.94;39.5;800.94;26;800.94;25.6;311.94;33.8
319.74;39;815.76;25.9;815.76;25.5;319.74;33.6
321.15;39;870.07;25.5;870.07;25.3;321.15;33.5
328.41;38.5;926.28;25.3;926.28;25;328.41;33.3
335.32;38;994.92;25;994.92;24.8;335.32;33.1
336.24;38;1054.04;24.8;1054.04;24.5;336.24;33
344.02;37.5;;;;;344.02;32.8
354.13;37;;;;;354.13;32.6
356.37;36.9;;;;;356.37;32.5
364.16;36.5;;;;;364.16;32.3
374.29;36.1;;;;;374.29;32
374.76;36;;;;;374.76;32
385.69;35.5;;;;;385.69;31.6
393.96;35.2;;;;;393.96;31.5
397.63;35;;;;;397.63;31.4
409.99;34.5;;;;;409.99;31.2
414.59;34.4;;;;;414.59;31
421.02;34;;;;;421.02;30.8
432.45;33.6;;;;;432.45;30.5
434.28;33.5;;;;;434.28;30.5
448.94;33;;;;;448.94;30.2
456.71;32.8;;;;;456.71;30
465.4;32.5;;;;;465.4;29.9
481.44;32;;;;;481.44;29.6
482.94;32;;;;;482.94;29.5
499.34;31.5;;;;;499.34;29.2
509.37;31.2;;;;;509.37;29
517.2;31;;;;;517.2;28.9
536.87;30.5;;;;;536.87;28.5
560.27;30;;;;;560.27;28.2
575.4;29.6;;;;;575.4;28
585.91;29.5;;;;;585.91;27.9
613.85;29;;;;;613.85;27.6
618.88;29;;;;;618.88;27.5
638.57;28.5;;;;;638.57;27.2
658.28;28.3;;;;;658.28;27
677.08;28;;;;;677.08;26.9
716.93;27.6;;;;;716.93;26.5
721.49;27.5;;;;;721.49;26.5
769.14;27;;;;;769.14;26.1
781.03;26.9;;;;;781.03;26
821.8;26.5;;;;;821.8;25.8
894.71;26.1;;;;;894.71;25.5
901.98;26;;;;;901.98;25.5
996.78;25.5;;;;;996.78;25.2
1048.14;25.4;;;;;1048.14;25
