t [s];T [ºC]
0;24.5
10.02;24.6
12.72;24.7
15.06;24.8
16.38;24.9
17.8;25
18.68;25.1
20.06;25.2
21.53;25.3
22.35;25.4
23.72;25.5
24.69;25.6
25.56;25.7
26.48;25.8
26.89;25.9
28.29;26
28.79;26.1
29.69;26.2
30.62;26.3
31.53;26.4
32.45;26.5
32.88;26.6
33.82;26.7
34.75;26.8
35.15;26.9
36.12;27
36.99;27.1
37.48;27.2
38.35;27.3
38.82;27.4
39.79;27.5
40.69;27.6
41.59;27.7
42.09;27.8
42.95;27.9
43.42;28
44.3;28.1
45.28;28.2
45.72;28.3
46.66;28.4
47.16;28.5
47.99;28.6
48.93;28.7
49.41;28.8
50.28;28.9
50.75;29
51.63;29.1
52.6;29.2
53.1;29.3
53.5;29.4
54.44;29.5
53.33;29.6
55.8;29.7
56.76;29.8
57.15;29.9
58.05;30.1
58.58;30.2
58.99;30.1
59.52;30.2
59.92;30.3
60.82;30.4
61.79;30.5
62.65;30.7
63.62;30.8
64.47;30.9
64.91;31
66.29;31.1
66.82;31.2
67.76;31.3
68.65;31.5
69.99;31.7
71.85;31.9
72.28;32
72.75;31.9
73.22;32.1
73.71;32
74.12;32.1
75.05;32.3
75.52;32.4
76.85;32.5
77.35;32.6
77.78;32.5
78.25;32.7
79.19;32.8
79.6;32.9
80.99;33
81.43;33.1
83.3;33.2
83.74;33.3
84.67;33.4
85.13;33.5
85.61;33.6
86.5;33.7
86.97;33.6
87.44;33.8
87.87;33.7
88.33;33.9
88.77;34
89.7;34.1
90.2;34
90.61;34.2
92;34.3
92.47;34.4
93.37;34.5
95.2;34.6
96.11;34.7
96.61;34.8
97.03;34.9
97.96;35
98.4;34.9
98.87;35.1
100.23;35.2
100.7;35.3
101.13;35.2
101.63;35.4
102.07;35.3
102.54;35.5
103.93;35.6
104.39;35.5
104.86;35.6
105.42;35.8
106.69;35.9
108.49;36.1
109.42;36.2
109.48;36.1
110.39;36.3
111.71;36.4
112.21;36.3
112.62;36.4
113.12;36.5
114.92;36.6
115.38;36.7
115.88;36.6
116.27;36.7
117.2;36.9
117.7;36.8
118.1;37
119.04;36.9
119.47;37
120.83;37.1
121.83;37.3
122.26;37.2
122.7;37.3
123.17;37.4
125.43;37.5
126.37;37.6
127.73;37.8
128.17;37.7
128.67;37.8
130;37.9
131.4;38.1
131.87;38
132.29;38.1
133.7;38.2
134.6;38.3
135.52;38.4
135.99;38.3
136.46;38.4
137.83;38.5
138.3;38.6
140.09;38.7
141.49;38.8
142.87;38.9
144.23;39
144.66;39.1
146.52;39.2
147.94;39.3
149.76;39.4
151.12;39.5
152.49;39.6
153.83;39.7
155.27;39.8
156.6;39.9
158.4;40
160.27;40.1
161.62;40.2
163.47;40.3
165.27;40.4
166.69;40.5
168.52;40.6
170.33;40.7
171.73;40.8
173.06;40.9
174.89;41
176.73;41.1
179.03;41.2
180.86;41.3
183.2;41.4
185.03;41.5
187.3;41.6
189.57;41.7
193.26;41.8
196;41.7
201.07;41.6
203.32;41.5
212.02;41
218.46;40.5
223.99;40
228.96;39.5
234.49;39
239.03;38.5
244.59;38
249.6;37.5
254.68;37
259.66;36.5
265.2;36
270.69;35.5
275.28;35
281.18;34.5
288.09;34
294.48;33.5
301.87;33
309.63;32.5
317.85;32
326.57;31.5
337.12;31
348.57;30.5
360.94;30
375.15;29.5
388.4;29
408.6;28.5
432.43;28
464;27.5
502.06;27
547.36;26.5
621.62;26
696.78;25.5
